{
	"info": {
		"_postman_id": "176adccc-2443-4800-a1d6-38fe7065df6a",
		"name": "checkoutssaver",
		"schema": "https://schema.getpostman.com/json/collection/v2.1.0/collection.json"
	},
	"item": [
		{
			"name": "http://localsite.com/duplicateVendorFindOut",
			"request": {
				"method": "GET",
				"header": [],
				"url": {
					"raw": "http://localsite.com/duplicateVendorFindOut",
					"protocol": "http",
					"host": [
						"localsite",
						"com"
					],
					"path": [
						"duplicateVendorFindOut"
					]
				},
				"description": "Cron for find duplicate vendor & set flage for frontside set"
			},
			"response": []
		},
		{
			"name": "http://localsite.com/cjallvendor",
			"request": {
				"method": "GET",
				"header": [],
				"url": {
					"raw": "http://localsite.com/cjallvendor",
					"protocol": "http",
					"host": [
						"localsite",
						"com"
					],
					"path": [
						"cjallvendor"
					]
				},
				"description": "Get all vendor from Cj & insert into DB with frontend flage set scenario"
			},
			"response": []
		},
		{
			"name": "http://localsite.com/cjallvendor",
			"request": {
				"method": "GET",
				"header": [],
				"url": {
					"raw": "http://localsite.com/cjallvendor",
					"protocol": "http",
					"host": [
						"localsite",
						"com"
					],
					"path": [
						"cjallvendor"
					]
				},
				"description": "Dump CJ vendor"
			},
			"response": []
		},
		{
			"name": "http://localsite.com/linkshare-vendor",
			"request": {
				"method": "GET",
				"header": [],
				"url": {
					"raw": "http://localsite.com/linkshare-vendor",
					"protocol": "http",
					"host": [
						"localsite",
						"com"
					],
					"path": [
						"linkshare-vendor"
					]
				},
				"description": "linkshare vendor dump"
			},
			"response": []
		},
		{
			"name": "http://localsite.com/linkshare-report",
			"request": {
				"method": "GET",
				"header": [],
				"url": {
					"raw": "http://localsite.com/linkshare-report",
					"protocol": "http",
					"host": [
						"localsite",
						"com"
					],
					"path": [
						"linkshare-report"
					]
				},
				"description": "linkshare report api"
			},
			"response": []
		},
		{
			"name": "http://localsite.com/cj-report",
			"request": {
				"method": "GET",
				"header": [],
				"url": {
					"raw": "http://localsite.com/cj-report",
					"protocol": "http",
					"host": [
						"localsite",
						"com"
					],
					"path": [
						"cj-report"
					]
				},
				"description": "cj report"
			},
			"response": []
		},
		{
			"name": "http://localsite.com/dummy-cashback-data-approved",
			"request": {
				"method": "GET",
				"header": [],
				"url": {
					"raw": "http://localsite.com/dummy-cashback-data-approved",
					"protocol": "http",
					"host": [
						"localsite",
						"com"
					],
					"path": [
						"dummy-cashback-data-approved"
					]
				},
				"description": "dummy-cashback-data-approved"
			},
			"response": []
		},
		{
			"name": "MailChimp get Lists (Audiance)",
			"protocolProfileBehavior": {
				"disableBodyPruning": true
			},
			"request": {
				"method": "GET",
				"header": [
					{
						"key": "Authorization",
						"value": "apikey 112f94bea0de850e30242b017bbe9eba-us4",
						"type": "text"
					}
				],
				"body": {
					"mode": "formdata",
					"formdata": []
				},
				"url": {
					"raw": "https://us4.api.mailchimp.com/3.0/lists",
					"protocol": "https",
					"host": [
						"us4",
						"api",
						"mailchimp",
						"com"
					],
					"path": [
						"3.0",
						"lists"
					]
				},
				"description": "mail chimp list of aud or contacts"
			},
			"response": []
		},
		{
			"name": "Mailchimp get members under list/Audiance",
			"request": {
				"method": "GET",
				"header": [
					{
						"key": "Authorization",
						"value": "apikey 112f94bea0de850e30242b017bbe9eba-us4",
						"type": "text"
					}
				],
				"url": {
					"raw": "https://us4.api.mailchimp.com/3.0/lists/1aacbe81a9/members",
					"protocol": "https",
					"host": [
						"us4",
						"api",
						"mailchimp",
						"com"
					],
					"path": [
						"3.0",
						"lists",
						"1aacbe81a9",
						"members"
					]
				},
				"description": "mail chimp for getting no of member under list/audiance by passing list id in url"
			},
			"response": []
		},
		{
			"name": "MailChimp add member into list(Aud)",
			"request": {
				"method": "POST",
				"header": [
					{
						"key": "Authorization",
						"value": "apikey 112f94bea0de850e30242b017bbe9eba-us4",
						"type": "text"
					},
					{
						"key": "Content-Type",
						"name": "Content-Type",
						"value": "application/json",
						"type": "text"
					}
				],
				"body": {
					"mode": "raw",
					"raw": "{\n    \"email_address\":\"manali@gmail.com\", \n    \"status\":\"subscribed\",  \n    \"merge_fields\": {\n        \"FNAME\": \"mannu\",\n        \"LNAME\": \"patel\",\n        \"PHONE\": \"97******20\",\n        \"tags\":[{\"name\":\"uninstalled ext group\"}]\n    }\n}",
					"options": {
						"raw": {
							"language": "json"
						}
					}
				},
				"url": {
					"raw": "https://us4.api.mailchimp.com/3.0/lists/1aacbe81a9/members",
					"protocol": "https",
					"host": [
						"us4",
						"api",
						"mailchimp",
						"com"
					],
					"path": [
						"3.0",
						"lists",
						"1aacbe81a9",
						"members"
					]
				},
				"description": "Add member as subcriber into list/Audiance"
			},
			"response": []
		},
		{
			"name": "MailChimp delete members from list(AUDiancce)",
			"request": {
				"method": "POST",
				"header": [
					{
						"key": "Authorization",
						"value": "apikey 112f94bea0de850e30242b017bbe9eba-us4",
						"type": "text"
					},
					{
						"key": "Content-Type",
						"name": "Content-Type",
						"value": "application/json",
						"type": "text",
						"disabled": true
					}
				],
				"url": {
					"raw": "https://us4.api.mailchimp.com/3.0/lists/1aacbe81a9/members/517094a4a3f7ea1a2c8435d8eed536c3/actions/delete-permanent",
					"protocol": "https",
					"host": [
						"us4",
						"api",
						"mailchimp",
						"com"
					],
					"path": [
						"3.0",
						"lists",
						"1aacbe81a9",
						"members",
						"517094a4a3f7ea1a2c8435d8eed536c3",
						"actions",
						"delete-permanent"
					]
				},
				"description": "MailChimp delete members from list(AUDiancce)"
			},
			"response": []
		},
		{
			"name": "MailChimp Update user for subcribe & unsubcribe from particular list(Audiance)",
			"request": {
				"method": "PUT",
				"header": [
					{
						"key": "Authorization",
						"value": "apikey 112f94bea0de850e30242b017bbe9eba-us4",
						"type": "text"
					},
					{
						"key": "Content-Type",
						"name": "Content-Type",
						"value": "application/json",
						"type": "text"
					}
				],
				"body": {
					"mode": "raw",
					"raw": "{\n    \"email_address\":\"khan@yopmail.com\", \n    \"status\":\"subscribed\",  \n    \"merge_fields\": {\n        \"FNAME\": \"Khan pathan\",\n        \"PHONE\": \"888888888\",\n        \"TAG\":\"CUSTOME_BY_R_TAG\"\n    }\n}"
				},
				"url": {
					"raw": "https://us4.api.mailchimp.com/3.0/lists/1aacbe81a9/members/13b9ece66ef68101c462da459fed2802",
					"protocol": "https",
					"host": [
						"us4",
						"api",
						"mailchimp",
						"com"
					],
					"path": [
						"3.0",
						"lists",
						"1aacbe81a9",
						"members",
						"13b9ece66ef68101c462da459fed2802"
					]
				},
				"description": "MailChimp Update user for subcribe & unsubcribe from particular list(Audiance)"
			},
			"response": []
		},
		{
			"name": "Mailchimp create tag(segemtnt)",
			"request": {
				"method": "POST",
				"header": [
					{
						"key": "Authorization",
						"value": "apikey 112f94bea0de850e30242b017bbe9eba-us4",
						"type": "text"
					},
					{
						"key": "Content-Type",
						"name": "Content-Type",
						"value": "application/json",
						"type": "text"
					}
				],
				"body": {
					"mode": "raw",
					"raw": "{\n\"name\":\"under list one by R\",\n\"static_segment\":[{\"email\":\"badsha@gmail.com\"}]\t\n}"
				},
				"url": {
					"raw": "https://us4.api.mailchimp.com/3.0/lists/1aacbe81a9/segments",
					"protocol": "https",
					"host": [
						"us4",
						"api",
						"mailchimp",
						"com"
					],
					"path": [
						"3.0",
						"lists",
						"1aacbe81a9",
						"segments"
					]
				},
				"description": "Mailchimp create tag(segemtnt)"
			},
			"response": []
		},
		{
			"name": "Mailchimp add user into particular segment or tag for groupping purpose",
			"request": {
				"method": "POST",
				"header": [
					{
						"key": "Content-Type",
						"name": "Content-Type",
						"value": "application/json",
						"type": "text"
					},
					{
						"key": "Authorization",
						"value": "apikey 112f94bea0de850e30242b017bbe9eba-us4",
						"type": "text"
					}
				],
				"body": {
					"mode": "raw",
					"raw": "{\n\"email_address\":\"khan@yopmail.com\"\n}",
					"options": {
						"raw": {
							"language": "json"
						}
					}
				},
				"url": {
					"raw": "https://us4.api.mailchimp.com/3.0/lists/1aacbe81a9/segments/4315294/members",
					"protocol": "https",
					"host": [
						"us4",
						"api",
						"mailchimp",
						"com"
					],
					"path": [
						"3.0",
						"lists",
						"1aacbe81a9",
						"segments",
						"4315294",
						"members"
					]
				},
				"description": "Mailchimp add user into particular segment or tag for groupping purpose"
			},
			"response": []
		},
		{
			"name": "MailChimp Get created segment/Tag details",
			"request": {
				"method": "GET",
				"header": [
					{
						"key": "Authorization",
						"value": "apikey 112f94bea0de850e30242b017bbe9eba-us4",
						"type": "text"
					}
				],
				"url": {
					"raw": "https://us4.api.mailchimp.com/3.0/lists/1aacbe81a9/segments",
					"protocol": "https",
					"host": [
						"us4",
						"api",
						"mailchimp",
						"com"
					],
					"path": [
						"3.0",
						"lists",
						"1aacbe81a9",
						"segments"
					]
				},
				"description": "Mailchimp Get created segment/tag details"
			},
			"response": []
		}
	],
	"protocolProfileBehavior": {}
}